ego,n_nodes,n_labelled,n_circles,lou_k,lei_k,lou_Q,lei_Q,lou_nmi,lou_ari,lei_nmi,lei_ari
100318079,220,48,4,3,3,0.18718347017563058,0.18695539578458834,0.5541863710386488,0.6325745237431621,0.5877381526654886,0.6349502320714726
101859065,23,18,3,2,3,0.14313271604938277,0.14313271604938277,0.415785898710849,0.34480986639260025,0.4126865072622595,0.2529577464788734
103865085,118,16,1,3,4,0.14674150068504715,0.14424547622084435,1.0,,0.0,0.0
103991905,81,23,2,6,7,0.35338927710161905,0.35474673618502583,0.39172782922493893,0.2976825426530677,0.3903566029479743,0.33703518842026436
104615636,48,23,3,3,4,0.12224161872644307,0.11585796468954573,0.16279530969054481,0.07435197817189661,0.19938561288997533,0.057916602554238784
104991493,180,92,5,6,6,0.4102727662877659,0.41027276628776593,0.549615325968821,0.5905503896982008,0.549615325968821,0.5905503896982008
105150583,210,56,5,5,5,0.45288280603763104,0.45290718238028627,0.5965490184953729,0.4736318973106526,0.5965490184953729,0.4736318973106526
105398724,21,18,2,3,3,0.11578478002378118,0.12139565992865634,0.1823599871500194,0.05817174515235453,0.32628565117169434,0.1142416055576997
105918870,170,136,7,4,4,0.3056976290833683,0.3094232251268496,0.493291413600905,0.347633804230547,0.510813904176786,0.35320949707899035
107418464,175,14,2,5,6,0.34581223642051134,0.3472174871138917,0.5723165141089483,0.6608695652173914,0.5723165141089483,0.6608695652173914
107512718,138,31,14,4,5,0.18328691917309958,0.1864319267876029,0.33235366126926336,0.04797774944953134,0.3660894015464758,0.1048578869890161
107516840,221,17,3,2,2,0.23709106429634272,0.23709106429634272,0.0,8.677605249943753e-17,0.0,8.677605249943753e-17
10798802,170,28,4,7,6,0.24845871913580247,0.25468798225308636,0.46332226324892317,0.23067470527245498,0.2960080623051806,0.1298154742635156
10985532,165,111,8,5,7,0.4906215003008006,0.49488546438983755,0.38905404416563094,0.21159956800153326,0.4204411418962166,0.20360299920224822
11027262,183,80,2,4,4,0.22873343865165835,0.23214162769387914,0.026561743287101845,0.009788480291521193,0.01667617141585681,0.006693562881939023
110536616,38,24,2,3,3,0.13471803071933697,0.13579906310526557,0.07976342983065575,-0.055045871559633135,0.09233136795188543,-0.048837893498087856
111045742,149,25,2,3,3,0.208945582601678,0.21348890768907602,1.0,1.0,1.0,1.0
111374622,188,57,3,4,5,0.14521741325055537,0.1488224150791626,0.05249270905078995,-0.03603546548448377,0.18082942818400555,0.03689924578076884
113196940,125,99,5,7,7,0.41401842170275555,0.41401842170275555,0.41075141654793357,0.30041465126773165,0.41075141654793357,0.30041465126773165
11348282,171,76,7,4,3,0.13775269667244558,0.141402067711693,0.5532278364150994,0.5083730274226408,0.5331676818058487,0.46437902804389497
11348722,128,12,2,3,4,0.12352486232588279,0.12439139941690969,0.5492777164157399,0.4732394366197181,0.7327150794950767,0.653295128939828
113509970,181,33,6,6,6,0.47083788651140074,0.4766063306980861,0.17903462250447083,-0.04813054092252347,0.17479731039160318,-0.05943379183978944
114115460,96,53,4,5,5,0.24361172193673616,0.24887351849790187,0.07365126627014214,-0.0044124702214882764,0.07252303330295783,-0.0021497700653800383
114885421,145,82,10,3,3,0.3067791778086134,0.3067791778086134,0.5072068371968786,0.3466480647510796,0.5072068371968786,0.3466480647510796
115221382,209,32,11,6,6,0.43367641924640477,0.43471234019574584,0.2012693103702999,-0.006042080303960921,0.2012693103702999,-0.006042080303960921
115911638,120,24,2,4,3,0.07632421172794651,0.07918473383957705,0.3448088859019678,0.2378322402485332,0.1446739077018123,0.1234370311093329
116388817,65,16,2,9,9,0.4887109374999999,0.5052343750000001,0.34147662561078923,0.06349206349206338,0.34147662561078923,0.06349206349206338
11681802,123,26,2,5,4,0.37384874419037717,0.3737624242518292,0.6633073007560799,0.4812174098116422,0.6633073007560799,0.4812174098116422
117029850,73,13,2,5,6,0.21191715708465364,0.2078587596197374,0.14362539282502648,-0.06631762652705056,0.23072132313852098,0.08648648648648652
117671022,147,27,2,6,5,0.1542882171647851,0.15930231485914717,0.5041580690835954,0.5689193963559275,0.5176464879857511,0.5862017434620175
117800618,120,34,23,4,4,0.29017163981588534,0.27361114344067605,0.2499809841687849,0.059213549530624604,0.04320910564190914,-0.019648101244520166
117809922,97,19,2,6,6,0.2220414848965562,0.22285222090025775,0.17665205133774603,0.3690036900369003,0.34193602185242156,0.5137982940291027
11784842,84,21,2,7,8,0.28376304409686093,0.2860394926505231,1.0,1.0,0.7101252321777618,0.7920792079207923
11828432,75,15,2,4,4,0.07293224172207563,0.08157561437067729,0.10619993370749878,-0.07973421926910307,0.19427378867950013,0.04154863078375815
119897041,38,18,2,3,4,0.07852670497470293,0.07193631098189152,0.6612466636838653,0.6981730851702542,0.023519316239777103,-0.05443601151531003
120459837,191,57,2,5,4,0.3506907609623085,0.3513023792332178,0.47778048874288515,0.5821782178217817,0.47778048874288515,0.5821782178217817
12069912,215,23,3,6,6,0.3038413833084859,0.30408037944991345,0.20170928057726717,-0.0992204110559884,0.20170928057726717,-0.0992204110559884
121202578,242,33,4,6,6,0.29363083566870474,0.29314985788557024,0.7085990570205892,0.6503374700631391,0.4856904048996207,0.33008526187576104
123287376,165,28,3,4,3,0.18530473862284355,0.18606038072575853,0.252266850676152,0.06758167040890561,0.13760585443001622,0.02628720399739316
123684709,224,25,2,5,4,0.46709172106801833,0.4638387807778196,0.0,0.0,0.0,0.0
1239671,55,50,2,3,3,0.16750335931201285,0.16750335931201285,0.43549881156208664,0.2805640858723802,0.43549881156208664,0.2805640858723802
12415722,112,28,2,4,4,0.3082804133129654,0.3107963677290344,0.6805691735753389,0.7245901639344262,0.6805691735753389,0.7245901639344262
124296976,131,29,5,5,4,0.24278094119637986,0.2513159247192818,0.41916418073562905,0.21084681255946727,0.5615715720040747,0.3224263449762147
124474025,225,24,2,5,6,0.21633865300835237,0.22492608278870033,0.1893819757622902,0.09799586677560447,0.3662256389402603,0.3777732233437515
125098615,110,24,4,6,5,0.2737119474238948,0.28816293632587264,0.43275323531613896,0.16345742404792488,0.4027326512734025,0.13078556263269628
12570812,135,78,3,5,5,0.4277447710568516,0.4354978909005953,0.47044498278293045,0.4827913523067611,0.38863284640160073,0.3794256550486107
12771872,130,76,5,6,6,0.26629198966408274,0.26674989483805067,0.23787451273234955,0.08921563457568854,0.2719808838051311,0.10878704701018055
127912925,65,59,4,2,2,0.18790873581747164,0.19335482670965348,0.44922691916658186,0.5394585159487115,0.49910681274953855,0.584619811975674
129984134,214,127,2,4,4,0.20171992362850316,0.20196149141366693,0.05948900364220326,0.052104464455846725,0.06457147308731169,0.052104464455846725
13179562,216,19,2,4,5,0.19786800341248115,0.21172165918826924,0.18296331188253828,0.09170980972231599,0.17008673786795428,-0.01689417488849848
13212502,170,13,2,4,4,0.27567735742735683,0.28184463649466673,0.028278574682295016,0.044897959183673466,0.0,-2.4054832200211723e-16
132519763,162,68,3,4,4,0.5160299521258152,0.5202787161217437,0.8148994541726331,0.7813022533409104,0.8148994541726331,0.7813022533409104
13274152,210,68,8,9,7,0.6125222062818596,0.6138115442141572,0.4444351879096457,0.22329033777891658,0.43432347824082074,0.2086238793226129
13275962,143,65,5,4,6,0.2003695188098914,0.204071141898031,0.44564018806059663,0.36488263587397085,0.46783909367266574,0.39012463693518146
13317162,167,20,3,4,4,0.3743060000422461,0.3771703477149762,0.5293573276601964,0.46945158047581814,0.4976190809096431,0.417641048927233
133663120,216,39,2,5,5,0.3324296626215016,0.3308470136921989,0.2820418351037375,0.3287542762141246,0.19709587448438787,0.3665463525835875
134208594,100,31,10,3,3,0.22494487664850027,0.22494487664850027,0.20069929956702545,-0.031101511879049703,0.20069929956702545,-0.031101511879049703
134943586,247,209,9,4,5,0.1766589343524464,0.1742567998156715,0.4251477724586318,0.2904020782550025,0.4175283125864314,0.28980841916033506
135605269,166,55,5,7,7,0.40319937635761566,0.40428413168428246,0.6040172942140047,0.4650896699251303,0.6040172942140047,0.4650896699251303
135704499,74,17,3,4,4,0.5120615243342516,0.512584940312213,0.0,-2.3592239273284576e-16,0.0,-2.3592239273284576e-16
1367531,239,70,4,4,4,0.1494506053117364,0.15754888776288586,0.45907177243905106,0.2846034214618972,0.2911166198975593,0.13192069417029825
137046366,131,43,2,3,3,0.3390187635650773,0.3390187635650773,0.19372375934964825,0.21140531684371805,0.19372375934964825,0.21140531684371805
13747362,72,29,3,3,4,0.3377389213537862,0.3383907556204854,0.4684830718925461,0.4206172600619192,0.4705911222086361,0.4258189290462951
137527381,34,33,2,2,2,0.3667924528301887,0.3667924528301887,1.0,1.0,1.0,1.0
13809612,212,75,4,4,4,0.4648789785739952,0.4661144737324456,0.4655451895498951,0.37865497076023436,0.46331615915431834,0.3875123885034691
13811562,211,12,3,6,5,0.14155696529667108,0.15159410634627507,0.1434783771842936,1.7040632470990775e-16,0.25625737755099304,0.03399433427762028
14045302,142,56,2,6,6,0.21449272924113202,0.22463350655598238,0.22047844908325318,0.08499396546810366,0.24858286553000908,0.12498820484477587
14058831,204,21,3,5,5,0.37622168752995894,0.3800997356227232,0.8635799493691914,0.8349575605155612,0.8635799493691914,0.8349575605155612
14060856,186,96,8,5,6,0.2787446138697353,0.2831915457036933,0.5653348152391793,0.5619170151174012,0.5404373157786512,0.45372076874245487
14077024,225,35,4,11,12,0.1657899358043224,0.16423594170263334,0.11706580081296192,-0.008235572935181883,0.14540790630380973,0.08098942748852972
14120253,141,42,4,7,6,0.48114240879320797,0.4850767513596178,0.5783841707049108,0.5022290170484468,0.643558601412648,0.5979742470772043
14129601,180,47,5,9,10,0.4676449701695927,0.46834846876481,0.3378159737243032,0.23910981081031446,0.3936328593672067,0.3426777359989083
141341662,182,27,4,8,8,0.35559725624413363,0.35750097296307315,0.20200934047202182,0.056089127929312296,0.1882303021249987,0.01197267677525892
14134942,240,17,2,3,3,0.38820217930960443,0.38847802166288475,1.0,1.0,1.0,1.0
14150874,47,25,2,4,4,0.34696119524067076,0.3541610329908058,0.603630276004813,0.5602165087956701,0.5900067712969627,0.5183175033921306
14191254,134,24,2,4,4,0.20224061885156028,0.2070995271203141,0.2280688391422767,0.200967458223395,0.05711590289835462,0.11200482606072745
14199378,133,92,4,3,3,0.18425974489215227,0.18399452088762477,0.2882851910265058,0.28580307913806396,0.28762999010839424,0.27885897862235626
14203895,215,69,2,6,6,0.314771110735225,0.3151028673752254,0.3145096245490057,0.17765558483681346,0.3145096245490057,0.17765558483681346
14256927,226,10,2,9,9,0.5262789716467235,0.5306790596903103,1.0,1.0,1.0,1.0
14313005,136,42,2,4,4,0.15740003723743376,0.15985612809677222,0.15419454782468758,0.18292139835226073,0.14799928687525046,0.11923564793976926
143172151,142,15,2,5,6,0.4205014432444593,0.4240291623081236,0.08040258906011377,0.18499353169469515,0.26042196855277994,0.21323057161207357
14332288,134,46,2,5,5,0.2612089999269486,0.2658148878661699,0.6934625736365679,0.6923481680467477,0.6106759433594435,0.6666740279027656
14338082,215,117,16,7,7,0.3333670310100317,0.3339501029310851,0.6416914639246681,0.3570303066942274,0.6533603614607285,0.3710798124910177
14365883,164,18,2,7,5,0.5557357950360359,0.5635907378023476,0.2696883421601086,0.05974735404574948,0.2696883421601086,0.05974735404574948
143661263,153,43,2,4,4,0.17440887726116933,0.1808353171339505,0.06603811391299819,0.02048472640878788,0.060039427900687926,0.041209018085721257
14371740,184,21,3,4,5,0.2503662711100924,0.24551857174842848,0.5729247297699703,0.5490196078431373,0.5801839490145517,0.5436893203883494
14372486,62,38,3,4,3,0.0797595065640561,0.08105024898143952,0.2333672116492743,0.18117430874075868,0.16152078341689385,0.1734996226714863
14372763,156,47,2,5,5,0.36175515346577053,0.3574615377680411,0.32907315759822936,0.15028660155049933,0.32748598580103727,0.14676344367936658
144211337,105,26,2,4,4,0.2357561004848419,0.23575610048484197,0.1926248809068265,0.08415841584158441,0.1926248809068265,0.08415841584158441
14422788,217,27,3,8,8,0.47422482827317847,0.4747426434966486,0.9518899643934988,0.9615511008872819,0.9518899643934988,0.9615511008872819
14426892,225,166,3,5,6,0.2271014908715475,0.23511557079763926,0.06187961802261578,0.005757084231988633,0.11056759893975962,0.045100898764552554
144723379,209,156,17,6,6,0.2820099989796959,0.2979125854504642,0.3859671774226182,0.18913886582523404,0.4137213864311422,0.20865673732430068
14505838,26,23,1,4,3,0.05483392336526452,0.059714702207413595,0.0,1.4940767299476843e-16,0.0,0.0
14528221,114,49,5,4,4,0.28975561714152215,0.2919949532931602,0.3526333625886492,0.26117434704468184,0.3026414745777505,0.22291729778854916
145573135,72,33,2,3,3,0.10511407610255831,0.10810107731154209,0.09732081905216144,0.05176146427868519,0.09052358719744098,0.05176278785408595
14618160,75,11,3,4,5,0.32845296140493285,0.32889172868825034,0.8202432449902114,0.7836349331235253,0.8202432449902114,0.7836349331235253
14677919,233,48,2,4,4,0.22679642740088027,0.2258887126987808,0.16047211048828078,0.18731523783929172,0.16047211048828078,0.18731523783929172
14719129,93,19,3,10,10,0.42198971523130246,0.42611095401179283,0.5754819353045958,0.4199115044247786,0.5754819353045958,0.4199115044247786
14755105,149,27,2,5,5,0.29876646493414033,0.3069659032474981,0.18613633190119536,0.13890919725106027,0.28620025166408686,0.15589353612167273
14791232,142,40,2,4,5,0.10429010246608368,0.11212664666123018,0.06417400269036007,-0.022621679643692452,0.11579580538649795,0.040196882690729865
14794851,223,18,2,7,8,0.4148629630226847,0.4147825261963431,0.8944734093190678,0.9346656418139895,0.8944734093190678,0.9346656418139895
14836915,196,103,5,4,4,0.16370606726187942,0.16353946996513502,0.36539776339893215,0.29154973899572045,0.3977464084823706,0.3607883621975541
14838506,119,35,3,7,7,0.33804373703363605,0.3455727306737408,0.6444276238588488,0.5517503542177836,0.6623451464406115,0.5328080159540836
14840869,72,17,2,4,4,0.21919614984391275,0.2228668054110301,0.21036605515589685,0.1398809523809524,0.010635226949138973,0.030418250950570557
14843763,56,14,2,3,3,0.29970988895627415,0.29970988895627415,0.0,0.0,0.0,0.0
14869783,201,10,2,6,7,0.23201529797373308,0.2494772723089134,0.19826661220276096,0.12280701754386002,0.19826661220276096,0.12280701754386002
14893314,154,17,2,5,6,0.43731604424479975,0.43823536427826965,0.5721141197032288,0.5134680134680134,0.5721141197032288,0.5134680134680134
14917050,84,28,2,4,4,0.20492794216221386,0.2151371333269494,0.632676340376433,0.7199511897498481,0.38700999566032984,0.4955752212389381
14922225,170,51,6,4,4,0.2574520849502373,0.258049953062226,0.3014068598765341,0.10495028158867527,0.3014068598765341,0.10495028158867527
14936377,59,24,3,4,4,0.20751425229947396,0.20904659160648598,0.5130175410204317,0.36253583943931195,0.5248737164819227,0.3453789574672209
14957252,205,39,5,5,5,0.34606269230932685,0.3456913546863977,0.48063121738011705,0.21280338082100106,0.48063121738011705,0.21280338082100106
14984096,80,45,7,6,5,0.21841344833748116,0.21685531356645069,0.3267322280973625,0.0991467895621845,0.34824547889295193,0.133211443875055
15001424,46,14,2,5,4,0.2531111111111111,0.2415333333333333,0.34069910748226506,0.16438969764837594,0.45687774292541294,0.49209302325581367
15012486,198,51,8,3,3,0.1523784264820759,0.15298216702631084,0.3719046582886095,0.19992326141550606,0.39883626202125566,0.19732826010195892
15070932,207,21,2,3,3,0.2566976238642063,0.25790035401915873,0.0007041306297521175,-0.040540540540540584,0.043829172338738,-0.05769230769230771
15099384,102,42,3,6,5,0.29573867760197414,0.2962728171723036,0.4538517948581367,0.1823361823361822,0.40898648268574467,0.18103704805832443
151175266,163,57,3,3,3,0.23730006509856305,0.24206945923085493,0.11846267553513218,0.12109006230725644,0.026947732546053448,-0.005333002604489537
15129912,95,43,3,6,6,0.2840960713530234,0.2870991680797867,0.2768890137824213,0.15813953488372112,0.2430797160524024,0.14076050700466958
151495845,194,139,3,4,4,0.12162446049564844,0.11465983294274945,0.030138813885209934,0.025675143684071075,0.06416248747831073,0.019611212324875345
15164892,162,29,2,7,7,0.3808830375021699,0.3933868936456285,0.5973668992749993,0.39924670433145004,0.5923331451559036,0.3789276223229638
152062126,173,22,2,6,6,0.33511654183508244,0.3358447972603058,0.2689750473508255,0.1550068587105622,0.2689750473508255,0.1550068587105622
152388029,128,28,3,4,4,0.15685287030319098,0.15992966377861081,0.21692374932558955,0.035059760956175134,0.2046406163711118,0.05775049710382964
152435436,210,88,4,4,5,0.3668759965682079,0.36652132606306603,0.41813643019173563,0.19713954357294522,0.4257874808155079,0.16508204426972048
15292446,229,20,3,3,4,0.1419041212329538,0.14728801958344862,0.271536405648824,0.1675314193473998,0.3856501050287788,0.21505876876527386
153245741,220,17,3,6,5,0.35887915362821315,0.3668982334895914,0.22569539386147805,0.11493123772102157,0.22492617792463426,0.2070895522388064
15329577,246,25,2,4,4,0.41679463696552865,0.41961257764467774,1.0,1.0,1.0,1.0
15331855,122,25,2,5,5,0.2684878653272829,0.2718608942661128,0.7716535730144787,0.6613407433136502,0.8358024885849604,0.8019714838936806
15335809,202,63,4,4,4,0.16974268120778066,0.1649126874828028,0.1833864340565196,0.024115601495568358,0.11782040792211987,0.01724405645077812
15347317,160,39,3,7,7,0.3136410319255772,0.31449453519318243,0.3944117311256039,0.2065801961404619,0.4119299528096422,0.21130167638307623
15419775,115,83,3,5,5,0.2937540473642533,0.2977159553325581,0.22428611079708008,0.08665372492373603,0.2533911836419824,0.09424802946771717
154648125,79,13,2,7,6,0.31810383793556873,0.2993456196581198,0.7472884849622757,0.7099391480730219,0.7472884849622756,0.7099391480730219
154701532,226,67,2,4,5,0.3425448188903336,0.34284973327891377,0.4290104261020161,0.4680659086735095,0.41273328987379043,0.44132204638849837
15477120,183,14,2,6,5,0.26606052043951217,0.27149749184506994,0.28354391631865494,0.03378378378378399,0.2506370482435139,0.009673518742442558
15481789,225,43,4,6,6,0.38496383532105655,0.3839885223608859,0.5827306101181791,0.5185008855287466,0.5827306101181791,0.5185008855287466
1548841,179,64,4,6,7,0.2093841800140348,0.20519659724440553,0.3799489149092202,0.32263412543561854,0.31871645689066924,0.17684002976390395
155661154,203,101,18,4,5,0.13076512406449636,0.1360314931311592,0.21081104882649657,0.1727192544190908,0.16642157237364777,0.13753307601160303
155976326,134,73,4,7,6,0.25122678190274766,0.25349123453437605,0.4882915258412643,0.1731549338096588,0.5423096246742797,0.23515642544958257
15647676,189,62,3,4,4,0.2671795665377872,0.26721559680113477,0.44260526473154216,0.4441143431846673,0.4278080418582237,0.4318416016487564
15706128,80,69,3,5,5,0.19595611626920548,0.1877975068338204,0.150133983035971,0.10268067420439801,0.15327929732993836,0.10036662833044496
158414847,77,30,2,4,3,0.1426249883749768,0.1473854353958708,0.08786910458232915,0.06159549904061964,0.01655066708616618,0.053866880200837394
15849055,222,139,3,5,5,0.43039784863590413,0.43192312654960857,0.8215856417442526,0.9121914217441832,0.8168547895179786,0.8737565703797259
15864197,149,36,4,6,6,0.4686304604486423,0.46583234946871305,0.3464843489890272,0.1475895502289252,0.3562834871471523,0.12695574430040232
15938936,235,13,2,5,4,0.2613243445497342,0.2631709174128315,0.8526854484053238,0.897637795275591,0.8526854484053238,0.897637795275591
15947217,88,25,3,9,10,0.44605288378163754,0.44473854747583547,0.6089997553674513,0.4341615531636651,0.6055548753912421,0.42759590279172494
159588456,211,48,4,3,3,0.3160283305354087,0.3166883296406034,0.4036742531918126,0.4920098919169984,0.5072562067446418,0.5697846359694513
159629146,192,78,3,6,6,0.2878755893109772,0.28811419280472544,0.04300324488668622,-0.03128444350430304,0.01629272555237761,-0.034102638789696806
15989218,228,13,2,5,5,0.23461613225086855,0.23602949823892239,0.17892478830894468,-0.020942408376963456,0.2569607234526681,-0.03174603174603171
160237722,160,10,12,4,4,0.101637644025526,0.1015310179477191,0.7670157643006521,0.6572361262241565,0.5897099087898255,0.5192307692307695
16027078,121,27,2,5,5,0.30505140153436977,0.3115506141719389,0.8192158559419775,0.8203484878830365,0.5206409004099037,0.5497453310696095
160839015,72,29,4,5,5,0.15856038072575848,0.1766752594355212,0.3099393831092331,0.19585030056234265,0.31564320356364484,0.11760744459409798
1608991,192,47,5,7,7,0.14505550608132997,0.14680066164299685,0.23848649060937502,0.10296411856474262,0.2604698383060703,0.08525995082849396
16105942,51,23,3,4,3,0.16308938094080852,0.1641967270242882,0.45284800173344303,0.34240501490711733,0.4971080538923675,0.49904597328725203
16183380,238,44,9,6,6,0.24303695805505962,0.24521226291630854,0.2717104827211954,0.04001804053482651,0.31692713556856733,0.05764444139111871
16212913,154,41,2,5,5,0.3736586289609897,0.38340550435551063,0.4187836769387358,0.2433412030725234,0.412965708358768,0.2332971872441188
16234125,140,27,2,6,5,0.4243354925173106,0.4239249859642982,0.12529394068123487,0.12819377322525377,0.28124809670297646,0.2878260869565215
16247469,234,13,2,5,5,0.29892249618888367,0.29897249450219354,0.6800399206086363,0.69047619047619,0.6800399206086363,0.69047619047619
16279105,94,15,3,4,4,0.44462624648921645,0.4446520137081605,0.634936214290762,0.41217634709587125,0.634936214290762,0.41217634709587125
16285517,164,29,2,6,6,0.325984383895803,0.3262955044865849,0.1009922852829666,-0.15749730312837099,0.1009922852829666,-0.15749730312837099
16305227,132,12,3,5,5,0.5390183213697065,0.5457311771865763,0.77250688571426,0.6399999999999999,0.77250688571426,0.6399999999999999
163491360,164,17,2,5,6,0.15605211097128546,0.15806935860320373,0.5501999587005617,0.46503496503496516,0.5149201649301998,0.34096916299559477
163629705,171,92,7,6,6,0.20850197825496325,0.20868118559451954,0.37321919858006325,0.21607722532280849,0.3434222503381082,0.19949119957812472
163674521,219,158,5,2,2,0.3271815734403961,0.3271815734403961,0.5431834486084184,0.4053610781050869,0.5431834486084184,0.4053610781050869
16421962,56,22,6,6,6,0.3937403193932597,0.3961081735476865,0.8612386110155781,0.6570155902004454,0.8612386110155781,0.6570155902004454
165598423,177,105,14,4,5,0.2094680806206781,0.21027022895935232,0.12895828940296106,0.06338888582175366,0.1593890918840208,0.07181131063525518
165786567,237,42,3,6,7,0.4319396785337271,0.4336691553130367,0.6418508450248716,0.5071551230681166,0.6198087882650303,0.4760151694572271
16591188,130,67,3,5,5,0.41517339615057036,0.4163178096837113,0.34032850478691135,0.3391685604189313,0.3123406359245457,0.321516072489456
16606585,104,99,2,5,5,0.28584468806721497,0.28663030339778633,0.12021995952200833,0.11069279315875634,0.1239902820350672,0.11243294850696585
16610683,97,17,3,5,6,0.5102929295134946,0.507541597519434,0.3910859037700788,0.18738049713193108,0.2762722987426338,-0.052532833020637736
166214735,237,95,10,5,4,0.19338953128885686,0.1933309663079155,0.23674513517174964,0.2745025581945097,0.23236828615007674,0.27248087694994855
166252256,95,11,2,4,4,0.30745467341524463,0.3074546734152446,0.6145586324411475,0.637203166226913,0.6145586324411475,0.637203166226913
16652550,129,70,5,5,6,0.30509406073636114,0.3063124832034399,0.45541780557104544,0.4577961363541537,0.4685535576346618,0.46941874913709786
16685316,146,18,2,4,4,0.2990402564726889,0.3081787192598004,0.7651880429763744,0.7874999999999996,0.6924530559790876,0.7734123181461797
16734718,127,19,3,7,7,0.19532755190418966,0.18965577158771196,0.08617141264905917,-0.1084953940634594,0.16643944451731488,0.03455547241684233
16790036,185,15,2,4,4,0.33327067436739205,0.3354520958285182,0.6992325056505622,0.5364238410596025,0.7664117023009642,0.7116968698517298
16809036,215,211,8,6,7,0.14788377864740337,0.15665308849988788,0.3027812402815976,0.203182939927833,0.35915919760270637,0.22696331541499798
168224294,191,32,17,5,5,0.206686205913857,0.19543995243757428,0.2894022642506836,0.04343451282911302,0.3360679251866855,0.09442934782608699
16834201,94,51,6,6,7,0.4831031461774332,0.4858151459712953,0.7595212921752941,0.7299444003177125,0.8106195760345928,0.8157453936348407
168537920,83,27,2,3,3,0.25310474613271106,0.25383266212503297,0.9158751208431891,0.9596054254007398,1.0,1.0
16878507,124,20,3,3,3,0.3672427274576615,0.3673794054823781,0.661961594968377,0.6837900809941189,0.661961594968377,0.6837900809941189
169216507,211,39,3,4,4,0.17941588690698768,0.17986322950431585,0.23068400323186114,0.10499596769697883,0.23068400323186114,0.10499596769697883
169780164,230,39,4,7,7,0.20354058540438683,0.20910796258462402,0.5300344252392989,0.337166244396804,0.49935988573111306,0.3996557988335406
16987303,193,121,3,5,5,0.1460384095763677,0.14943192955506143,0.08127124710088869,0.04287918410677793,0.11351327381260662,0.04906732358158765
17022544,76,33,2,4,4,0.3185503201522681,0.3219250905397258,0.687745499108843,0.7262357414448674,0.6690657296918309,0.6917754907895877
17045060,177,84,4,3,3,0.35009818464363907,0.35009818464363907,0.8020505143100847,0.8153898681290414,0.8020505143100847,0.8153898681290414
170729553,247,21,4,3,4,0.25596258254646015,0.25560156728405786,0.1520255747256915,0.06660081839988728,0.22610775996944185,0.10189075630252138
17111909,228,64,2,5,4,0.22180659403728425,0.22052253261859917,0.04820193858539114,-0.005839565053085843,0.02025890376059838,-0.006253514015903538
171202083,173,40,2,4,4,0.17003388571539357,0.1728552357560923,0.1822692727779143,0.17231940973461837,0.30689800051264876,0.34504287351325724
171536167,93,83,11,7,8,0.5868563230670615,0.5952046640822929,0.3531579380515725,0.21494788946663335,0.3974807185221522,0.2927612176079594
17396702,119,81,2,4,3,0.060676740031382244,0.06321095196997159,0.08257965983840194,-0.041369291985094654,0.04178506827790042,-0.004697126822424335
17403755,191,63,3,6,7,0.45430472526715177,0.45912952260418227,0.6102329766563087,0.589591527050881,0.5980901569661302,0.5637421231216676
174285878,228,76,11,5,4,0.23786813413645302,0.23796866034709768,0.4148129476553498,0.15989592082034598,0.3473218471124396,0.12463504138429828
17503591,195,153,4,6,5,0.26252350108308914,0.2755040196654462,0.08914763091742503,0.04898628373802217,0.11171061950463732,0.06786224163784452
175553601,201,94,50,5,4,0.10410933910999945,0.10784972469018216,0.18317937885681987,0.004431254366238363,0.1406074425628024,0.013227806373801745
17561785,143,38,5,4,4,0.34672094674556225,0.3467209467455622,0.338352574211991,0.0705490324479132,0.338352574211991,0.0705490324479132
17600223,95,64,2,2,2,0.3178369784734523,0.3178369784734523,0.898081991492845,0.9374999999999998,0.898081991492845,0.9374999999999998
17602896,161,10,2,5,5,0.15902313240110857,0.16145423910304862,0.0,0.0,0.0,0.0
176310143,225,98,8,7,7,0.2360294636348672,0.23573307264643117,0.32400170434235687,0.15028635904333326,0.3326319335930502,0.16918716617772123
17636894,90,10,3,6,5,0.23611072664359867,0.2541480968858132,0.41146029889696484,0.09999999999999977,0.037889759992150635,-0.0404624277456645
17658786,202,93,6,5,4,0.14159235912517054,0.142470500525957,0.3663981845225644,0.24916157656810045,0.24525338570349708,0.1539545695692024
176589903,25,25,2,2,2,0.05586462111557694,0.05939368689344185,0.0013082839680579978,-0.008029324489439753,0.00014339357105886669,-0.011935651271406313
176872879,42,31,3,5,5,0.20543491983335438,0.21869082186592612,0.20141090909445322,0.02283445023579075,0.2732920593612155,0.10750030890893371
17714569,190,75,6,5,5,0.28652797916624734,0.28721622456489154,0.5147070290042732,0.4240311884642025,0.5419248133597093,0.5285909642325314
17723880,123,81,3,4,4,0.3227044454088908,0.3236961373922748,0.1616592737106673,0.11067692804175638,0.10559313684618879,0.07011367648841366
17767841,153,53,6,8,8,0.5274030647667208,0.537493957400419,0.8425292746254458,0.7495389376723772,0.7833510563922511,0.7054857421464088
17770689,83,74,6,5,4,0.3885451742464196,0.39097935007505374,0.3490586681464709,0.17686038024807418,0.32725829019960806,0.18340944597809913
17787399,177,37,2,6,6,0.46608736801674444,0.4689839791585469,0.6642807905716042,0.7503725580513182,0.5853384123318413,0.65711034034251
17866414,228,27,2,4,5,0.15057110502922486,0.15659081167924208,0.20138110306313584,0.05889984431759211,0.18149821748819683,0.014510883162371785
179065820,107,29,2,3,4,0.4350545648123502,0.44057815724038774,0.07977179194463183,0.06738131699846905,0.028226217612414194,0.02970806676961482
17918629,98,42,2,4,4,0.11666305748197685,0.12043899564156677,0.15982355376087282,0.00964352836060058,0.09818579097776654,-0.041715223087372064
17922109,199,40,2,7,5,0.19374180169604435,0.1922492095062678,0.084303897172119,0.04176904176904167,0.03517903168212232,-0.0536752531669938
180540375,162,36,17,5,5,0.2828145108207008,0.2845809085131734,0.3947032689233181,0.03557910673731999,0.445362348388967,0.12263210368893372
18068719,148,57,2,5,5,0.25381961052650237,0.25857481664540816,0.31787914226939745,0.14378101418210645,0.3140597570413255,0.13919940458817318
18069824,148,19,2,5,4,0.37965548229718005,0.3862850301752032,0.17657967523903167,0.17741935483870985,0.16697251907279365,0.16832311270881808
18119683,150,28,3,3,3,0.2982579701562681,0.2982579701562681,0.1722128471786251,0.022650758167470097,0.1722128471786251,0.022650758167470097
18191231,221,13,2,6,6,0.5161183811163411,0.5168368677168644,0.6757673999883076,0.6916996047430832,0.6757673999883076,0.6916996047430832
18226205,189,71,3,6,6,0.186817853889926,0.19374541207874543,0.25691671585960185,0.11160232205268959,0.3206695495244778,0.18928104974527815
18252740,153,91,4,6,6,0.1846007245538983,0.18425296437609995,0.19478343601979947,0.09104013655735066,0.1510140723802455,0.05539174389216542
182609394,30,10,2,4,4,0.10161130778842158,0.10161130778842158,0.19826661220276098,0.12280701754386002,0.19826661220276098,0.12280701754386002
18270489,114,106,10,7,7,0.31494837241051277,0.31711818285710763,0.3977160894470305,0.18379129862141638,0.3629544774863963,0.16724183280563087
18278524,218,10,2,6,6,0.2081073466600254,0.20417454501160484,0.10028591855762092,-0.09929078014184407,0.10028591855762092,-0.09929078014184407
183786731,156,24,2,5,4,0.11922388763341045,0.12568956202824444,0.0903698336216005,0.01746180230745214,0.02179508651390782,-0.005778541308761592
184594566,188,58,3,4,4,0.18699296841972196,0.18717819367111505,0.14372847617546453,0.11401018971345311,0.14372847617546453,0.11401018971345311
18470775,32,26,3,3,3,0.07048333333333329,0.07192777777777773,0.08601703393398111,0.06528451698279651,0.08673796792748645,0.05665326105962599
18472735,158,129,6,5,5,0.3880552225542758,0.39013878528370427,0.29003051973082816,0.21594893307982185,0.2879788512253345,0.17313004849690916
184755890,91,14,2,5,5,0.3584411844858881,0.3528828008905754,0.6061385186141971,0.624787775891341,0.687302079627471,0.7144581221337196
18486243,180,51,4,5,5,0.35736026777940627,0.3579425808311851,0.44843705044570004,0.42358746465054514,0.4407716916092312,0.4202246538762954
18486881,145,61,6,7,7,0.21302720035837777,0.2128628740908414,0.2891988672798737,0.11352232789846103,0.24854361671101122,0.061029611109436804
18496986,205,28,3,6,6,0.5686567204687759,0.5696015595102715,0.8960424343692979,0.9134694625034341,0.8960424343692979,0.9134694625034341
18534908,185,127,5,5,5,0.19231419188692014,0.2053962895729816,0.4119689637751672,0.3512394402244553,0.48786625558621866,0.3729419483534802
185512077,97,45,2,7,6,0.08707808348958669,0.0853108377045646,0.1619746989549746,0.19421813084942652,0.16031078114570332,0.16456374096282939
18571832,93,16,2,5,5,0.24679967106056186,0.236805590898985,0.1484070882153562,-0.022727272727272603,0.19349697288668366,-0.0172272354388844
18594420,191,78,5,9,9,0.3742807048532676,0.3795054682602076,0.5023214329179864,0.3647816057992225,0.5093671504844776,0.38199531786824503
18630326,198,101,5,5,4,0.1961821320749342,0.20023313963629596,0.13287039708593446,0.054636571292507416,0.12132280027333833,0.07155021169082414
186354564,73,50,3,4,4,0.15333734803718616,0.14724302758854302,0.4541708435753352,0.3740504759778132,0.3161653958252256,0.2519140433625686
18665800,212,60,6,3,4,0.2726522198459119,0.281629744389188,0.5301591954948216,0.41673428869181256,0.554097555183681,0.4309651447763761
18687625,103,25,5,7,7,0.34776039617192195,0.35235616865519825,0.40786827316195173,0.07182320441988933,0.4779564501615465,0.18726718591263117
18690700,107,32,2,8,9,0.499317414040446,0.5009833865518998,0.6080021746585177,0.5387885228480339,0.5875191095487836,0.48547717842323634
186909156,176,46,20,4,3,0.12073402728408593,0.12423990457746174,0.2539709947965727,0.1357433808553972,0.12907512336718613,0.028900017815079504
18734310,159,84,5,2,2,0.2739406939760285,0.2739406939760285,0.6007942509682845,0.5283598195049005,0.6007942509682845,0.5283598195049005
187569483,235,95,18,3,5,0.35666910387480993,0.35462109996466507,0.4296110125287111,0.34392325090799697,0.468641862046007,0.35293510806316525
187744415,221,86,8,3,3,0.28107999421552454,0.28107999421552454,0.28593820897407024,0.21788839293050505,0.28593820897407024,0.21788839293050505
187773078,122,17,5,3,3,0.2065635829752635,0.206793215675826,0.16725919415685842,-0.0889679715302491,0.15001945662701455,-0.12831858407079633
18788502,147,33,6,4,3,0.26634498852045607,0.2672420866423275,0.39513043604488546,0.1890504704875962,0.40890340472560416,0.298071469086784
18836167,191,42,3,6,6,0.6519565415451896,0.6518042205721575,0.7956750471378282,0.7996898022489337,0.7946224509364734,0.7851319221054888
18886852,209,148,4,4,4,0.18857770213588654,0.1945359838787115,0.35069583831837814,0.2858463700482493,0.3331149457074992,0.22845494758963975
18895362,148,33,5,5,4,0.29307402245148956,0.2929449659901743,0.825044951358223,0.8385087168590336,0.7807830181199183,0.7825474014351108
18923866,245,51,2,9,8,0.3412257639788486,0.3417943681114486,0.0684677642921199,-0.010424011366495019,0.09332567004667211,0.0040496435322520475
189253902,106,40,3,3,4,0.14773442016418092,0.148627153428142,0.1509318083832465,-0.13092833218209582,0.1329402859645973,-0.08082545141874456
18951737,197,39,9,5,7,0.20660823158064676,0.21768897153615488,0.6695442304987388,0.35332252836304706,0.7716794021273846,0.47486030015867126
18957524,125,62,7,5,5,0.27774879306463324,0.2729594662683453,0.35096870360601307,0.11572093436230586,0.43441073408920855,0.18573823078923793
189592841,79,25,8,4,4,0.5550967155032079,0.5562936895528106,0.436997343411884,0.15447897623400364,0.436997343411884,0.15447897623400364
189875309,184,16,3,5,4,0.1444182246124201,0.1496286483690631,0.06594680220051045,-0.05610561056105635,0.07013954009878934,-0.044673539518900185
18996905,61,19,2,4,5,0.1725728654907962,0.17396887612195414,0.09144116457510879,-0.03156565656565661,0.1439492144181019,0.013758599124452653
190138306,143,55,4,4,4,0.25685007197815024,0.2534897549959535,0.6746168646543357,0.6004046283100288,0.7338528137115152,0.7428818776452477
19064433,200,39,5,5,5,0.22805380274119863,0.22870529427573236,0.4568049307253399,0.17011494252873552,0.44073347276308106,0.15268341540772923
190696559,186,45,5,7,7,0.28707786264360563,0.2933638429491225,0.2816916405756598,0.16530606782473742,0.2564698841767056,0.13604366052360978
19136295,118,35,2,3,5,0.18041040582726334,0.17813485952133198,0.642914159770774,0.7001377518450914,0.6792506101742901,0.7770376460455151
191896931,60,12,2,5,6,0.17543919448629414,0.18823497331088224,0.3013603178676905,0.007518796992481178,0.27773795514288896,-0.03722084367245646
191916463,69,30,4,6,6,0.41219926538108365,0.41537649219467393,0.20425361380882032,0.06859308384651817,0.20425361380882032,0.06859308384651817
191924526,79,13,2,4,4,0.17220145689637834,0.17682149751653958,0.30693162969381227,0.25287356321839105,0.25020552880708685,0.13001912045889083
19380307,123,24,2,5,6,0.25426925803402645,0.2610072069943289,0.019667132993849045,-0.04677623261694067,0.049312132826348276,0.0028901734104045643
19492215,214,47,5,5,6,0.16074846376248497,0.1642522690802369,0.26365866398350485,0.1778881091830243,0.38830289107920735,0.39818149198299096
19563357,151,29,3,4,4,0.22602738435265995,0.22602738435265995,0.3000879632274645,0.33458318594505376,0.3000879632274645,0.33458318594505376
19658936,105,38,4,3,3,0.34252906501186303,0.3343619128761469,0.8603529345977191,0.8555274640718423,0.8545731941739169,0.8367587752761604
19668026,134,34,2,5,5,0.13354846361020997,0.13403522408534937,0.08996088047891591,0.041715364559920795,0.14941729166049364,0.0429829959028076
196926575,146,35,3,5,5,0.4228240190249703,0.4253611771700357,0.8615458382317122,0.9182972880192241,0.8615458382317122,0.9182972880192241
19725644,56,31,5,4,4,0.2506138133094805,0.25953122005093054,0.3793472140742105,0.16414271995272225,0.3612385726218243,0.16504020610508272
197903282,188,15,3,4,3,0.20226340713302068,0.2046479334540077,0.15651651717247364,0.0890688259109309,0.27302898309327606,0.22279792746113983
198327282,193,44,5,4,4,0.22081188685065092,0.22186017012046721,0.14244268906778074,0.061302449955044434,0.138653682425595,0.0864736854206421
198370650,36,15,3,4,3,0.1734425898335901,0.1716244539279311,0.3436091008460692,0.046599280452287034,0.1746594732028429,-0.04105061749869536
198628427,70,30,3,4,4,0.15735558174115535,0.16307199169542405,0.12353558797685929,0.11879738457218515,0.1948996932720761,0.16846742021276528
198941747,215,26,4,3,3,0.1661506079728224,0.16605007486098483,0.23876612898134214,0.14535666218035018,0.23876612898134214,0.14535666218035018
19898730,234,230,4,5,5,0.44684459876543214,0.4475401234567901,0.3406073150992292,0.23433905986594952,0.33565489428057926,0.23584403091455017
199039532,226,33,4,7,6,0.28411469591488897,0.28461279812631163,0.7518988522796722,0.7685655039870526,0.7518988522796722,0.7685655039870526
19933035,62,25,2,4,3,0.07268470990691189,0.07488305803554426,0.20657025219201147,0.09612930667800922,0.16039036383814143,0.0946402704007723
19948202,246,35,2,3,3,0.2969373125388069,0.30017926600799466,0.210130595901715,0.08522727272727249,0.210130595901715,0.08522727272727249
199483163,109,10,2,7,7,0.43491845755220226,0.4332625822998224,0.0,2.0816681711721685e-16,0.0,2.0816681711721685e-16
200214366,183,60,12,3,3,0.09647862937073995,0.09934930864423486,0.14908477284935923,0.013944267087025378,0.14726239234863514,-0.0016045155652332035
20060293,243,40,2,4,4,0.15509708835151503,0.1603901595358124,0.07322624871677717,0.06061359278460359,0.22719889417942704,0.08882287015459056
202114894,221,21,5,5,4,0.1915819112448447,0.20275352979547168,0.2530500607982227,-0.0060715302153492474,0.2581368449336939,0.02786035844729518
202346485,98,28,2,6,7,0.3816651366428924,0.38014405762304915,0.022469459857999183,-0.05134788189987183,0.04782493123402585,0.07804878048780514
2029971,143,86,6,5,4,0.17153749530428244,0.17625722500170748,0.4948058955945161,0.34783840439524233,0.48921558720833214,0.3621164780730797
20319646,214,44,2,6,5,0.32311354605255577,0.32881675150781164,0.4992850189786377,0.4066162910800084,0.5493901074759259,0.4558181622320373
20347014,231,53,5,7,7,0.2462077137998695,0.24934379372790588,0.6563431056562264,0.4052772989330145,0.6546028280838095,0.3970340799955866
203868162,69,29,3,3,4,0.28673779354934614,0.29095059824613556,0.1509954960089057,0.15947791274781326,0.16711817032916526,0.09032419576918219
204145356,98,25,4,3,4,0.25256367427923554,0.2539057076912398,0.42061021224202044,0.2458644177748945,0.3435607474079662,0.1870573084352863
20436059,159,97,7,3,3,0.25824852872476445,0.2589111144095635,0.4409257004260925,0.2767240418015836,0.4409257004260925,0.2767240418015836
20446839,90,30,2,4,4,0.44824375,0.45106875,0.6459965793835335,0.7227180010198873,0.6459965793835335,0.7227180010198873
204646586,76,31,2,3,3,0.2508534975548189,0.2508534975548189,0.0,0.0,0.0,0.0
20495756,152,29,2,5,5,0.33917114952030336,0.339374672701733,0.09029565888834429,-0.14267040149393106,0.08893143766989697,-0.1465870943677737
20561154,159,16,2,5,3,0.3758319809464691,0.3772789472161433,0.6132292455766609,0.69620253164557,0.6860774131375544,0.7457627118644068
20689206,206,76,3,6,6,0.21680259880853656,0.2161251995446767,0.20706085341154068,0.1453028190012284,0.22553226308239654,0.18552212686352984
20758393,121,41,2,7,7,0.361514922768484,0.36531968084674643,0.14765617106284085,0.014262428687856293,0.19683828135189216,0.03566664326335717
207936757,25,24,2,3,3,0.0156171932958864,0.015617193295886372,0.31163134854174357,0.20766187397471747,0.31163134854174357,0.20766187397471747
2097571,230,127,13,3,4,0.1552215497527022,0.15501064015286198,0.2798184654476185,0.1570337108042419,0.33935331021436027,0.19588920222404535
20999409,119,11,4,9,9,0.3505788749178172,0.3512530304898094,0.6278585089315712,0.35747663551401865,0.4703224500932146,0.3064312736443883
21028234,52,15,3,4,4,0.31433868408203125,0.31433868408203125,0.39728941073761975,0.14743589743589755,0.39728941073761975,0.14743589743589755
21061498,160,30,2,5,5,0.3886399422190845,0.38872761221759805,0.0724025304344025,0.19174193548387053,0.0724025304344025,0.19174193548387053
21132431,94,28,6,4,4,0.45828082335643777,0.4586600620784616,0.48502896645940635,0.2862095205884839,0.5644484568796485,0.34203655352480417
211547273,177,13,2,9,9,0.11318135545376744,0.11495155771730549,0.22719812764430505,-0.047151277013752255,0.15263038899406886,-0.1439999999999994
211933541,131,34,4,5,5,0.11528634709481461,0.12660573257676552,0.2625161962116597,0.17142486163634282,0.2491993642766287,0.10304580701894661
21222922,63,41,3,5,5,0.5590157548476454,0.5590157548476454,0.21722881720335685,0.04144394518769473,0.21722881720335685,0.04144394518769473
212642904,146,31,1,5,5,0.37123559781374427,0.371563233357053,0.0,5.012171907288328e-16,0.0,5.012171907288328e-16
21318259,78,23,2,3,3,0.21604519158261856,0.21485810985955325,0.21420459661913,0.1949853633702433,0.21420459661913,0.1949853633702433
21339164,86,73,3,4,4,0.15826580987843697,0.15862977591159777,0.052499301950047705,0.03737478856764578,0.047047101897029424,0.02961304264618988
21363077,134,66,4,4,4,0.3919534377537024,0.39323529051538314,0.5225010065109111,0.33518589136995125,0.5225010065109111,0.33518589136995125
21364753,51,19,2,2,2,0.38938904278239467,0.3893890427823946,0.4987177868977855,0.4391143911439115,0.4987177868977855,0.4391143911439115
21391704,146,35,2,7,6,0.4665785757677515,0.468552784006467,0.927966955983043,0.9691096305269534,0.927966955983043,0.9691096305269534
21420959,91,28,2,4,4,0.13669388579667013,0.13704714204654597,0.8027070488792926,0.8573265859591246,0.8027070488792926,0.8573265859591246
21437537,222,12,2,6,8,0.2520681763975152,0.261183465683621,0.1631290901413513,-0.06738544474393544,0.1631290901413513,-0.06738544474393544
21578499,172,104,7,4,4,0.265038935306425,0.27020879073815846,0.3216473810524342,0.25183907263059757,0.32842608303080817,0.24028464218400317
21648994,82,20,3,5,6,0.20526984499616135,0.2043990190915493,0.5185596717231334,0.36776254492213517,0.4068669912135211,0.17770491803278715
216843160,195,65,14,4,4,0.12728583332221,0.12960530524904923,0.32612152547534307,0.11584476218266736,0.29842499943170425,0.11241465525531318
219365298,94,16,3,4,4,0.28539773793380935,0.2853977379338094,0.32231177629664676,0.03840840011052759,0.32231177629664676,0.03840840011052759
22106463,156,56,6,6,5,0.39659859700814115,0.3995515965779498,0.8394162960921948,0.8390914330211215,0.7933886643446397,0.787331385223885
22121627,173,59,6,6,5,0.3774382716049382,0.38134283371913585,0.6670800745474528,0.4697016107545551,0.6471629147506567,0.4401388080551952
222090651,175,15,2,3,4,0.2586386722218426,0.2624215832251895,0.3902974863286501,0.44181925575900677,0.3902974863286501,0.44181925575900677
22745706,110,47,5,4,4,0.44611568790662814,0.44611568790662814,0.6947577573372227,0.5180364615076263,0.6947577573372227,0.5180364615076263
22751884,106,49,5,6,7,0.5000515770680419,0.513374330489982,0.605398120852643,0.4301288796411306,0.5523465321246133,0.31369795561067204
227785045,54,23,8,4,4,0.30140903686087994,0.30140903686087994,0.19793996212497736,0.006878104700038569,0.19793996212497736,0.006878104700038569
228270980,143,45,4,4,4,0.18255139730684478,0.18053557600503017,0.6109790481628924,0.655274012964054,0.6587123584680131,0.6306115235065397
22863638,186,77,5,5,6,0.2282348149483538,0.24660510519533418,0.22367704302639876,0.08681692758586547,0.17750629665124304,0.06637319871159292
22879382,175,16,2,4,5,0.45329578771612816,0.4528072296626986,0.1448167773664628,0.08333333333333304,0.1448167773664628,0.08333333333333304
22915745,198,52,2,5,4,0.17332333756062146,0.17086193634764327,0.4947469703718482,0.3964914909120624,0.5522289509644042,0.4911511056008938
229425177,113,12,2,4,3,0.06841449557665774,0.07195407118830546,0.10059528630277265,-0.04336043360433583,0.18710734485907152,0.12000000000000015
22954430,215,100,12,6,6,0.34075061065494455,0.34811465422223403,0.44528850891509614,0.27228687207745095,0.4382092643486085,0.2698601856176576
22958268,99,26,2,6,4,0.29740356855005834,0.29933828210839686,0.3265919973551287,0.21319320634324854,0.18082594237809232,0.1269841269841271
22970486,79,15,2,6,6,0.2964906997426136,0.2973706127865011,0.47826601299130883,0.4274809160305346,0.5383631239121036,0.5063291139240506
229741646,116,101,4,5,4,0.12969620913204447,0.12993744722026065,0.14810014206554414,0.10087248663715068,0.12520198000654112,0.09597297573958449
230601773,185,100,13,4,4,0.16585528887579024,0.1660161563320582,0.05798838769596019,-0.016219927012774204,0.11587325114722283,0.024614240747036515
230880104,78,42,4,3,3,0.04186785690270198,0.045640781449882185,0.07239820397816044,0.012235116044399868,0.07529808771666738,0.033613098797764654
232006900,151,42,4,5,6,0.31395610675207825,0.3167368963747007,0.46626532071898125,0.37381406047921356,0.46626532071898125,0.37381406047921356
232706326,159,48,2,4,4,0.2055866588563007,0.2049069972189305,0.06146353948647335,0.04872165337018685,0.07314508111964144,0.057827572347266896
233598791,166,36,17,6,6,0.11928009007318453,0.11753537249014832,0.3371079954659953,0.18334173516733393,0.3185700923511075,0.1905559724120917
234169190,230,43,4,5,5,0.29791023202211847,0.2988358178802365,0.18393870967874656,0.018992335824018824,0.18393870967874656,0.018992335824018824
235219400,125,19,3,4,4,0.3113057274286955,0.31130572742869544,0.2158617992850059,0.06037735849056603,0.2158617992850059,0.06037735849056603
2363991,214,166,9,6,6,0.18574769016311238,0.18445354401652372,0.5018961078984121,0.3622736211146209,0.4511319725956781,0.2423830098500897
237019614,63,38,2,5,4,0.12430702093920515,0.13681966312477362,0.16644404100040577,0.13701835197777298,0.11331278708231203,0.09483470994968878
237049769,90,41,4,5,7,0.30753980286328714,0.3015664578367208,0.5321074890413151,0.4067524115755622,0.4599064266230798,0.20573742828214636
23742633,237,188,2,5,5,0.2720697086692477,0.2740987820672894,0.016828080168848073,-0.017446945662891327,0.00986683665921168,-0.02061692170567911
